{
    "type": "FeatureCollection",
    "features": [
        {"type": "Feature", "id": 15, "geometry": {"type": "Point", "coordinates": [55.8692,26.51312]}, "properties": {"balloonContentHeader": "<font size=3><b>Daugavpils Saskaņas pamatskola</b></font>", "balloonContentBody": "<p><strong>Mācību valoda:</strong> LK</p><p><strong>Skolēnu skaits:</strong> 501</p><p><strong>Direktors:</strong> JEĻENA VUCĒNA</p><hr><p><strong>Adrese:</strong> SAULES IELA 7, DAUGAVPILS, LV-5400</p><hr><div class='text-center'><a href='schools/15.html'><button type='button' class='btn btn-success'> Uzzināt vairāk <i class='fas fa-info-circle'></i></button> </a></div>", "balloonContentFooter": "<font size=1№>15 ", "clusterCaption": "<strong>Daugavpils Saskaņas pamatskola</strong>", "hintContent": "<strong>Daugavpils Saskaņas pamatskola</strong> "}},
        {"type": "Feature", "id": 16, "geometry": {"type": "Point", "coordinates": [55.86991,26.51912]}, "properties": {"balloonContentHeader": "<font size=3><b>Daugavpils Vienības pamatskola</b></font>", "balloonContentBody": "<p><strong>Mācību valoda:</strong> Latviešu</p><p><strong>Skolēnu skaits:</strong> 449</p><p><strong>Direktors:</strong> EDĪTE ZDANOVSKA</p><hr><p><strong>Adrese:</strong> ĢIMNĀZIJAS IELA 32, DAUGAVPILS, LV-5401</p><hr><div class='text-center'><a href='schools/16.html'><button type='button' class='btn btn-success'> Uzzināt vairāk <i class='fas fa-info-circle'></i></button> </a></div>", "balloonContentFooter": "<font size=1№>16 ", "clusterCaption": "<strong>Daugavpils Vienības pamatskola</strong>", "hintContent": "<strong>Daugavpils Vienības pamatskola</strong> "}},
        {"type": "Feature", "id": 17, "geometry": {"type": "Point", "coordinates": [55.89263,26.56242]}, "properties": {"balloonContentHeader": "<font size=3><b>Daugavpils 11. pamatskola</b></font>", "balloonContentBody": "<p><strong>Mācību valoda:</strong> Krievu</p><p><strong>Skolēnu skaits:</strong> 244</p><p><strong>Direktors:</strong> INA MELDERE</p><hr><p><strong>Adrese:</strong> ARHITEKTU IELA 10, DAUGAVPILS, LV-5410</p><hr><div class='text-center'><a href='schools/17.html'><button type='button' class='btn btn-success'> Uzzināt vairāk <i class='fas fa-info-circle'></i></button> </a></div>", "balloonContentFooter": "<font size=1№>17 ", "clusterCaption": "<strong>Daugavpils 11. pamatskola</strong>", "hintContent": "<strong>Daugavpils 11. pamatskola</strong> "}},
        {"type": "Feature", "id": 18, "geometry": {"type": "Point", "coordinates": [55.87024,26.52054]}, "properties": {"balloonContentHeader": "<font size=3><b>Daugavpils Valsts ģimnāzija</b></font>", "balloonContentBody": "<p><strong>Mācību valoda:</strong> Latviešu</p><p><strong>Skolēnu skaits:</strong> 304</p><p><strong>Direktors:</strong> GUNTA MĀLNIECE</p><hr><p><strong>Adrese:</strong> CIETOKŠŅA IELA 33, DAUGAVPILS, LV-5401</p><hr><div class='text-center'><a href='schools/18.html'><button type='button' class='btn btn-success'> Uzzināt vairāk <i class='fas fa-info-circle'></i></button> </a></div>", "balloonContentFooter": "<font size=1№>18 ", "clusterCaption": "<strong>Daugavpils Valsts ģimnāzija</strong>", "hintContent": "<strong>Daugavpils Valsts ģimnāzija</strong> "}},
        {"type": "Feature", "id": 19, "geometry": {"type": "Point", "coordinates": [55.8781,26.54836]}, "properties": {"balloonContentHeader": "<font size=3><b>Daugavpils Krievu vidusskola - licejs</b></font>", "balloonContentBody": "<p><strong>Mācību valoda:</strong> Krievu</p><p><strong>Skolēnu skaits:</strong> 715</p><p><strong>Direktors:</strong> IRINA PAURA</p><hr><p><strong>Adrese:</strong> TAUTAS IELA 59, DAUGAVPILS, LV-5404</p><hr><div class='text-center'><a href='schools/19.html'><button type='button' class='btn btn-success'> Uzzināt vairāk <i class='fas fa-info-circle'></i></button> </a></div>", "balloonContentFooter": "<font size=1№>19 ", "clusterCaption": "<strong>Daugavpils Krievu vidusskola - licejs</strong>", "hintContent": "<strong>Daugavpils Krievu vidusskola - licejs</strong> "}},
        {"type": "Feature", "id": 20, "geometry": {"type": "Point", "coordinates": [55.86997,26.53172]}, "properties": {"balloonContentHeader": "<font size=3><b>Daugavpils 3. vidusskola</b></font>", "balloonContentBody": "<p><strong>Mācību valoda:</strong> Krievu</p><p><strong>Skolēnu skaits:</strong> 799</p><p><strong>Direktors:</strong> VITĀLIJS AZAREVIČS</p><hr><p><strong>Adrese:</strong> RAIŅA IELA 30, DAUGAVPILS, LV-5401</p><hr><div class='text-center'><a href='schools/20.html'><button type='button' class='btn btn-success'> Uzzināt vairāk <i class='fas fa-info-circle'></i></button> </a></div>", "balloonContentFooter": "<font size=1№>20 ", "clusterCaption": "<strong>Daugavpils 3. vidusskola</strong>", "hintContent": "<strong>Daugavpils 3. vidusskola</strong> "}},
        {"type": "Feature", "id": 21, "geometry": {"type": "Point", "coordinates": [55.86448,26.50271]}, "properties": {"balloonContentHeader": "<font size=3><b>J. Raiņa Daugavpils 6. vidusskola</b></font>", "balloonContentBody": "<p><strong>Mācību valoda:</strong> Krievu</p><p><strong>Skolēnu skaits:</strong> 314</p><p><strong>Direktors:</strong> LARISA KOŽEVŅIKOVA</p><hr><p><strong>Adrese:</strong> KOMUNĀLĀ IELA 2, DAUGAVPILS, LV-5418</p><hr><div class='text-center'><a href='schools/21.html'><button type='button' class='btn btn-success'> Uzzināt vairāk <i class='fas fa-info-circle'></i></button> </a></div>", "balloonContentFooter": "<font size=1№>21 ", "clusterCaption": "<strong>J. Raiņa Daugavpils 6. vidusskola</strong>", "hintContent": "<strong>J. Raiņa Daugavpils 6. vidusskola</strong> "}},
        {"type": "Feature", "id": 22, "geometry": {"type": "Point", "coordinates": [55.86908,26.53352]}, "properties": {"balloonContentHeader": "<font size=3><b>Daugavpils 9. vidusskola</b></font>", "balloonContentBody": "<p><strong>Mācību valoda:</strong> Krievu</p><p><strong>Skolēnu skaits:</strong> 643</p><p><strong>Direktors:</strong> ARTURS FEDOTOVS</p><hr><p><strong>Adrese:</strong> 18. NOVEMBRA IELA 47, DAUGAVPILS, LV-5401</p><hr><div class='text-center'><a href='schools/22.html'><button type='button' class='btn btn-success'> Uzzināt vairāk <i class='fas fa-info-circle'></i></button> </a></div>", "balloonContentFooter": "<font size=1№>22 ", "clusterCaption": "<strong>Daugavpils 9. vidusskola</strong>", "hintContent": "<strong>Daugavpils 9. vidusskola</strong> "}},
        {"type": "Feature", "id": 23, "geometry": {"type": "Point", "coordinates": [55.8734,26.54064]}, "properties": {"balloonContentHeader": "<font size=3><b>Daugavpils 10. vidusskola</b></font>", "balloonContentBody": "<p><strong>Mācību valoda:</strong> Krievu</p><p><strong>Skolēnu skaits:</strong> 681</p><p><strong>Direktors:</strong> VALIJA SALNA</p><hr><p><strong>Adrese:</strong> TAUTAS IELA 11, DAUGAVPILS, LV-5404</p><hr><div class='text-center'><a href='schools/23.html'><button type='button' class='btn btn-success'> Uzzināt vairāk <i class='fas fa-info-circle'></i></button> </a></div>", "balloonContentFooter": "<font size=1№>23 ", "clusterCaption": "<strong>Daugavpils 10. vidusskola</strong>", "hintContent": "<strong>Daugavpils 10. vidusskola</strong> "}},
        {"type": "Feature", "id": 24, "geometry": {"type": "Point", "coordinates": [55.87128,26.54677]}, "properties": {"balloonContentHeader": "<font size=3><b>Daugavpils 12. vidusskola</b></font>", "balloonContentBody": "<p><strong>Mācību valoda:</strong> Latviešu</p><p><strong>Skolēnu skaits:</strong> 569</p><p><strong>Direktors:</strong> ELITA BOLIŅA</p><hr><p><strong>Adrese:</strong> KAUŅAS IELA 8, DAUGAVPILS, LV-5404</p><hr><div class='text-center'><a href='schools/24.html'><button type='button' class='btn btn-success'> Uzzināt vairāk <i class='fas fa-info-circle'></i></button> </a></div>", "balloonContentFooter": "<font size=1№>24 ", "clusterCaption": "<strong>Daugavpils 12. vidusskola</strong>", "hintContent": "<strong>Daugavpils 12. vidusskola</strong> "}},
        {"type": "Feature", "id": 25, "geometry": {"type": "Point", "coordinates": [55.88355,26.55493]}, "properties": {"balloonContentHeader": "<font size=3><b>Daugavpils 13. vidusskola</b></font>", "balloonContentBody": "<p><strong>Mācību valoda:</strong> Krievu</p><p><strong>Skolēnu skaits:</strong> 779</p><p><strong>Direktors:</strong> ANDŽELA SKUTELE</p><hr><p><strong>Adrese:</strong> VALKAS IELA 4A, DAUGAVPILS, LV-5417</p><hr><div class='text-center'><a href='schools/25.html'><button type='button' class='btn btn-success'> Uzzināt vairāk <i class='fas fa-info-circle'></i></button> </a></div>", "balloonContentFooter": "<font size=1№>25 ", "clusterCaption": "<strong>Daugavpils 13. vidusskola</strong>", "hintContent": "<strong>Daugavpils 13. vidusskola</strong> "}},
        {"type": "Feature", "id": 26, "geometry": {"type": "Point", "coordinates": [55.88251,26.55707]}, "properties": {"balloonContentHeader": "<font size=3><b>Daugavpils 15. vidusskola</b></font>", "balloonContentBody": "<p><strong>Mācību valoda:</strong> Krievu</p><p><strong>Skolēnu skaits:</strong> 644</p><p><strong>Direktors:</strong> ANATOLIJS GRŽIBOVSKIS</p><hr><p><strong>Adrese:</strong> VALKAS IELA 4, DAUGAVPILS, LV-5417</p><hr><div class='text-center'><a href='schools/26.html'><button type='button' class='btn btn-success'> Uzzināt vairāk <i class='fas fa-info-circle'></i></button> </a></div>", "balloonContentFooter": "<font size=1№>26 ", "clusterCaption": "<strong>Daugavpils 15. vidusskola</strong>", "hintContent": "<strong>Daugavpils 15. vidusskola</strong> "}},
        {"type": "Feature", "id": 27, "geometry": {"type": "Point", "coordinates": [55.90432,26.53029]}, "properties": {"balloonContentHeader": "<font size=3><b>Daugavpils 16. vidusskola</b></font>", "balloonContentBody": "<p><strong>Mācību valoda:</strong> LK</p><p><strong>Skolēnu skaits:</strong> 690</p><p><strong>Direktors:</strong> OLGADUKŠINSKA</p><hr><p><strong>Adrese:</strong> AVEŅU IELA 40, DAUGAVPILS, LV-5422</p><hr><div class='text-center'><a href='schools/27.html'><button type='button' class='btn btn-success'> Uzzināt vairāk <i class='fas fa-info-circle'></i></button> </a></div>", "balloonContentFooter": "<font size=1№>27 ", "clusterCaption": "<strong>Daugavpils 16. vidusskola</strong>", "hintContent": "<strong>Daugavpils 16. vidusskola</strong> "}},
        {"type": "Feature", "id": 28, "geometry": {"type": "Point", "coordinates": [55.88024,26.53679]}, "properties": {"balloonContentHeader": "<font size=3><b>Daugavpils 17. vidusskola</b></font>", "balloonContentBody": "<p><strong>Mācību valoda:</strong> LK</p><p><strong>Skolēnu skaits:</strong> 678</p><p><strong>Direktors:</strong> IVARS ŠĶINČS</p><hr><p><strong>Adrese:</strong> VALMIERAS IELA 5, DAUGAVPILS, LV-5404</p><hr><div class='text-center'><a href='schools/28.html'><button type='button' class='btn btn-success'> Uzzināt vairāk <i class='fas fa-info-circle'></i></button> </a></div>", "balloonContentFooter": "<font size=1№>28 ", "clusterCaption": "<strong>Daugavpils 17. vidusskola</strong>", "hintContent": "<strong>Daugavpils 17. vidusskola</strong> "}},
        {"type": "Feature", "id": 29, "geometry": {"type": "Point", "coordinates": [55.87104,26.53943]}, "properties": {"balloonContentHeader": "<font size=3><b>J.Pilsudska Daugavpils valsts poļu ģimnāzija</b></font>", "balloonContentBody": "<p><strong>Mācību valoda:</strong> Poļu</p><p><strong>Skolēnu skaits:</strong> 350</p><p><strong>Direktors:</strong> GAĻINA SMUĻKO</p><hr><p><strong>Adrese:</strong> VARŠAVAS IELA 2, DAUGAVPILS, LV-5404</p><hr><div class='text-center'><a href='schools/29.html'><button type='button' class='btn btn-success'> Uzzināt vairāk <i class='fas fa-info-circle'></i></button> </a></div>", "balloonContentFooter": "<font size=1№>29 ", "clusterCaption": "<strong>J.Pilsudska Daugavpils valsts poļu ģimnāzija</strong>", "hintContent": "<strong>J.Pilsudska Daugavpils valsts poļu ģimnāzija</strong> "}},
        {"type": "Feature", "id": 30, "geometry": {"type": "Point", "coordinates": [55.87487,26.51674]}, "properties": {"balloonContentHeader": "<font size=3><b>Daugavpils Centra vidusskola</b></font>", "balloonContentBody": "<p><strong>Mācību valoda:</strong> Krievu</p><p><strong>Skolēnu skaits:</strong> 615</p><p><strong>Direktors:</strong> JURIJS VISOCKIS</p><hr><p><strong>Adrese:</strong> KANDAVAS IELA 17, DAUGAVPILS, LV-5401</p><hr><div class='text-center'><a href='schools/30.html'><button type='button' class='btn btn-success'> Uzzināt vairāk <i class='fas fa-info-circle'></i></button> </a></div>", "balloonContentFooter": "<font size=1№>30 ", "clusterCaption": "<strong>Daugavpils Centra vidusskola</strong>", "hintContent": "<strong>Daugavpils Centra vidusskola</strong> "}},
        {"type": "Feature", "id": 31, "geometry": {"type": "Point", "coordinates": [55.88336,26.55859]}, "properties": {"balloonContentHeader": "<font size=3><b>Daugavpils 1. speciālā pamatskola</b></font>", "balloonContentBody": "<p><strong>Mācību valoda:</strong> LK</p><p><strong>Skolēnu skaits:</strong> 50</p><p><strong>Direktors:</strong> ROBERTS ANTIŅŠ</p><hr><p><strong>Adrese:</strong> 18. NOVEMBRA IELA 197V, DAUGAVPILS, LV-5417</p><hr><div class='text-center'><a href='schools/31.html'><button type='button' class='btn btn-success'> Uzzināt vairāk <i class='fas fa-info-circle'></i></button> </a></div>", "balloonContentFooter": "<font size=1№>31 ", "clusterCaption": "<strong>Daugavpils 1. speciālā pamatskola</strong>", "hintContent": "<strong>Daugavpils 1. speciālā pamatskola</strong> "}},
        {"type": "Feature", "id": 32, "geometry": {"type": "Point", "coordinates": [55.90304,26.58141]}, "properties": {"balloonContentHeader": "<font size=3><b>Daugavpils logopēdiskā internātpamatskola - attīstības centrs</b></font>", "balloonContentBody": "<p><strong>Mācību valoda:</strong> LK</p><p><strong>Skolēnu skaits:</strong> 230</p><p><strong>Direktors:</strong> MARIKA RAIČONOKA</p><hr><p><strong>Adrese:</strong> ABAVAS IELA 1, DAUGAVPILS, LV-5417</p><hr><div class='text-center'><a href='schools/32.html'><button type='button' class='btn btn-success'> Uzzināt vairāk <i class='fas fa-info-circle'></i></button> </a></div>", "balloonContentFooter": "<font size=1№>32 ", "clusterCaption": "<strong>Daugavpils logopēdiskā internātpamatskola - attīstības centrs</strong>", "hintContent": "<strong>Daugavpils logopēdiskā internātpamatskola - attīstības centrs</strong> "}}
        
    ]
}
