{
    "type": "FeatureCollection",
    "features": [
        {"type": "Feature", "id": 1, "geometry": {"type": "Point", "coordinates": [56.50477,25.86559]}, "properties": {"balloonContentHeader": "<font size=3><b>Jēkabpils pamatskola</b></font>", "balloonContentBody": "<p><strong>Mācību valoda:</strong> Latviešu</p><p><strong>Skolēnu skaits:</strong> 755</p><p><strong>Direktors:</strong> SILVIJA DREIMANE</p><hr><p><strong>Adrese:</strong> RĪGAS IELA 200a, JĒKABPILS, LV-5202</p><hr><div class='text-center'><a href='schools/1.html'><button type='button' class='btn btn-success'> Uzzināt vairāk <i class='fas fa-info-circle'></i></button> </a></div>", "balloonContentFooter": "<font size=№1>1 ", "clusterCaption": "<strong>Jēkabpils pamatskola</strong>", "hintContent": "<strong>Jēkabpils pamatskola</strong> "}},
        {"type": "Feature", "id": 2, "geometry": {"type": "Point", "coordinates": [56.4994,25.85479]}, "properties": {"balloonContentHeader": "<font size=3><b>Jēkabpils Valsts ģimnāzija</b></font>", "balloonContentBody": "<p><strong>Mācību valoda:</strong> Latviešu</p><p><strong>Skolēnu skaits:</strong> 490</p><p><strong>Direktors:</strong> VALERJANS VIZULIS</p><hr><p><strong>Adrese:</strong> RŪDOLFA BLAUMAŅA IELA 27, JĒKABPILS, LV-5201</p><hr><div class='text-center'><a href='schools/2.html'><button type='button' class='btn btn-success'> Uzzināt vairāk <i class='fas fa-info-circle'></i></button> </a></div>", "balloonContentFooter": "<font size=№1>2 ", "clusterCaption": "<strong>Jēkabpils Valsts ģimnāzija</strong>", "hintContent": "<strong>Jēkabpils Valsts ģimnāzija</strong> "}},
        {"type": "Feature", "id": 3, "geometry": {"type": "Point", "coordinates": [56.49404,25.86026]}, "properties": {"balloonContentHeader": "<font size=3><b>Jēkabpils 2. vidusskola</b></font>", "balloonContentBody": "<p><strong>Mācību valoda:</strong> Krievu</p><p><strong>Skolēnu skaits:</strong> 560</p><p><strong>Direktors:</strong> ALEKSANDRS DEINIS</p><hr><p><strong>Adrese:</strong> JAUNĀ IELA 44, JĒKABPILS, LV-5201</p><hr><div class='text-center'><a href='schools/3.html'><button type='button' class='btn btn-success'> Uzzināt vairāk <i class='fas fa-info-circle'></i></button> </a></div>", "balloonContentFooter": "<font size=№1>3 ", "clusterCaption": "<strong>Jēkabpils 2. vidusskola</strong>", "hintContent": "<strong>Jēkabpils 2. vidusskola</strong> "}},
        {"type": "Feature", "id": 4, "geometry": {"type": "Point", "coordinates": [56.50647,25.8889]}, "properties": {"balloonContentHeader": "<font size=3><b>Jēkabpils 3. vidusskola</b></font>", "balloonContentBody": "<p><strong>Mācību valoda:</strong> Latviešu</p><p><strong>Skolēnu skaits:</strong> 625</p><p><strong>Direktors:</strong> VALDIS OZOLIŅŠ</p><hr><p><strong>Adrese:</strong> SLIMNĪCAS IELA 5, JĒKABPILS, LV-5202</p><hr><div class='text-center'><a href='schools/4.html'><button type='button' class='btn btn-success'> Uzzināt vairāk <i class='fas fa-info-circle'></i></button> </a></div>", "balloonContentFooter": "<font size=№1>4 ", "clusterCaption": "<strong>Jēkabpils 3. vidusskola</strong>", "hintContent": "<strong>Jēkabpils 3. vidusskola</strong> "}},
        {"type": "Feature", "id": 5, "geometry": {"type": "Point", "coordinates": [56.50554,25.86966]}, "properties": {"balloonContentHeader": "<font size=3><b>Jēkabpils vakara vidusskola</b></font>", "balloonContentBody": "<p><strong>Mācību valoda:</strong> Latviešu</p><p><strong>Skolēnu skaits:</strong> 179</p><p><strong>Direktors:</strong> AELITA BĒRZIŅA</p><hr><p><strong>Adrese:</strong> PALEJAS IELA 32, JĒKABPILS, LV-5202</p><hr><div class='text-center'><a href='schools/5.html'><button type='button' class='btn btn-success'> Uzzināt vairāk <i class='fas fa-info-circle'></i></button> </a></div>", "balloonContentFooter": "<font size=№1>5 ", "clusterCaption": "<strong>Jēkabpils vakara vidusskola</strong>", "hintContent": "<strong>Jēkabpils vakara vidusskola</strong> "}}
       
        
    ]
}
