{
    "type": "FeatureCollection",
    "features": [
        {"type": "Feature", "id": 33, "geometry": {"type": "Point", "coordinates": [56.65507,23.72405]}, "properties": {"balloonContentHeader": "<font size=3><b>Jelgavas 3. sākumskola</b></font>", "balloonContentBody": "<p><strong>Mācību valoda:</strong> Latviešu</p><p><strong>Skolēnu skaits:</strong> 652</p><p><strong>Direktors:</strong> JURIS SKRUPSKIS</p><hr><p><strong>Adrese:</strong> UZVARAS IELA 10, JELGAVA, LV-3001</p><hr><div class='text-center'><a href='schools/33.html'><button type='button' class='btn btn-success'> Uzzināt vairāk <i class='fas fa-info-circle'></i></button> </a></div>", "balloonContentFooter": "<font size=1№>33 ", "clusterCaption": "<strong>Jelgavas 3. sākumskola</strong>", "hintContent": "<strong>Jelgavas 3. sākumskola</strong> "}},
        {"type": "Feature", "id": 34, "geometry": {"type": "Point", "coordinates": [56.6404171,23.7176672]}, "properties": {"balloonContentHeader": "<font size=3><b>Jelgavas 4. sākumskola</b></font>", "balloonContentBody": "<p><strong>Mācību valoda:</strong> Latviešu</p><p><strong>Skolēnu skaits:</strong> 941</p><p><strong>Direktors:</strong> AGITA LUNDBERGA</p><hr><p><strong>Adrese:</strong> PULKVEŽA OSKARA KALPAKA IELA 34, JELGAVA, LV-3001</p><hr><div class='text-center'><a href='schools/34.html'><button type='button' class='btn btn-success'> Uzzināt vairāk <i class='fas fa-info-circle'></i></button> </a></div>", "balloonContentFooter": "<font size=1№>34 ", "clusterCaption": "<strong>Jelgavas 4. sākumskola</strong>", "hintContent": "<strong>Jelgavas 4. sākumskola</strong> "}},
        {"type": "Feature", "id": 35, "geometry": {"type": "Point", "coordinates": [56.64566,23.70904]}, "properties": {"balloonContentHeader": "<font size=3><b>Jelgavas 2. pamatskola</b></font>", "balloonContentBody": "<p><strong>Mācību valoda:</strong> Krievu</p><p><strong>Skolēnu skaits:</strong> 645</p><p><strong>Direktors:</strong> </p><hr><p><strong>Adrese:</strong> SARMAS IELA 2, JELGAVA, LV-3001</p><hr><div class='text-center'><a href='schools/35.html'><button type='button' class='btn btn-success'> Uzzināt vairāk <i class='fas fa-info-circle'></i></button> </a></div>", "balloonContentFooter": "<font size=1№>35 ", "clusterCaption": "<strong>Jelgavas 2. pamatskola</strong>", "hintContent": "<strong>Jelgavas 2. pamatskola</strong> "}},
        {"type": "Feature", "id": 36, "geometry": {"type": "Point", "coordinates": [56.6484,23.7122]}, "properties": {"balloonContentHeader": "<font size=3><b>Lazdiņas privātā pamatskola 'Punktiņš'</b></font>", "balloonContentBody": "<p><strong>Mācību valoda:</strong> Latviešu</p><p><strong>Skolēnu skaits:</strong> 65</p><p><strong>Direktors:</strong> </p><hr><p><strong>Adrese:</strong> JĀŅA ASARA IELA 12, JELGAVA, LV-3001</p><hr><div class='text-center'><a href='schools/36.html'><button type='button' class='btn btn-success'> Uzzināt vairāk <i class='fas fa-info-circle'></i></button> </a></div>", "balloonContentFooter": "<font size=1№>36 ", "clusterCaption": "<strong>Lazdiņas privātā pamatskola 'Punktiņš'</strong>", "hintContent": "<strong>Lazdiņas privātā pamatskola 'Punktiņš'</strong> "}},
        {"type": "Feature", "id": 37, "geometry": {"type": "Point", "coordinates": [56.64428,23.72222]}, "properties": {"balloonContentHeader": "<font size=3><b>Jelgavas Valsts ģimnāzija</b></font>", "balloonContentBody": "<p><strong>Mācību valoda:</strong> Latviešu</p><p><strong>Skolēnu skaits:</strong> 692</p><p><strong>Direktors:</strong> INESE BANDENIECE</p><hr><p><strong>Adrese:</strong> MĀTERA IELA 44, JELGAVA, LV-3000</p><hr><div class='text-center'><a href='schools/37.html'><button type='button' class='btn btn-success'> Uzzināt vairāk <i class='fas fa-info-circle'></i></button> </a></div>", "balloonContentFooter": "<font size=1№>37 ", "clusterCaption": "<strong>Jelgavas Valsts ģimnāzija</strong>", "hintContent": "<strong>Jelgavas Valsts ģimnāzija</strong> "}},
        {"type": "Feature", "id": 38, "geometry": {"type": "Point", "coordinates": [56.66256,23.75725]}, "properties": {"balloonContentHeader": "<font size=3><b>Jelgavas 4. vidusskola</b></font>", "balloonContentBody": "<p><strong>Mācību valoda:</strong> Latviešu</p><p><strong>Skolēnu skaits:</strong> 1198</p><p><strong>Direktors:</strong> AGRIS CELMS</p><hr><p><strong>Adrese:</strong> AKMEŅU IELA 1, JELGAVA, LV-3004</p><hr><div class='text-center'><a href='schools/38.html'><button type='button' class='btn btn-success'> Uzzināt vairāk <i class='fas fa-info-circle'></i></button> </a></div>", "balloonContentFooter": "<font size=1№>38 ", "clusterCaption": "<strong>Jelgavas 4. vidusskola</strong>", "hintContent": "<strong>Jelgavas 4. vidusskola</strong> "}},
        {"type": "Feature", "id": 39, "geometry": {"type": "Point", "coordinates": [56.65046,23.69736]}, "properties": {"balloonContentHeader": "<font size=3><b>Jelgavas 5. vidusskola</b></font>", "balloonContentBody": "<p><strong>Mācību valoda:</strong> Krievu</p><p><strong>Skolēnu skaits:</strong> 629</p><p><strong>Direktors:</strong> NATELA SEĻIŠČEVA</p><hr><p><strong>Adrese:</strong> ASPAZIJAS IELA 20, JELGAVA, LV-3001</p><hr><div class='text-center'><a href='schools/39.html'><button type='button' class='btn btn-success'> Uzzināt vairāk <i class='fas fa-info-circle'></i></button> </a></div>", "balloonContentFooter": "<font size=1№>39 ", "clusterCaption": "<strong>Jelgavas 5. vidusskola</strong>", "hintContent": "<strong>Jelgavas 5. vidusskola</strong> "}},
        {"type": "Feature", "id": 40, "geometry": {"type": "Point", "coordinates": [56.67042,23.75008]}, "properties": {"balloonContentHeader": "<font size=3><b>Jelgavas 6. vidusskola</b></font>", "balloonContentBody": "<p><strong>Mācību valoda:</strong> Krievu</p><p><strong>Skolēnu skaits:</strong> 574</p><p><strong>Direktors:</strong> ILZE ARBIDANE</p><hr><p><strong>Adrese:</strong> LOKA MAĢISTRĀLE 29, JELGAVA, LV-3004</p><hr><div class='text-center'><a href='schools/40.html'><button type='button' class='btn btn-success'> Uzzināt vairāk <i class='fas fa-info-circle'></i></button> </a></div>", "balloonContentFooter": "<font size=1№>40 ", "clusterCaption": "<strong>Jelgavas 6. vidusskola</strong>", "hintContent": "<strong>Jelgavas 6. vidusskola</strong> "}},
        {"type": "Feature", "id": 41, "geometry": {"type": "Point", "coordinates": [56.64742,23.72085]}, "properties": {"balloonContentHeader": "<font size=3><b>Jelgavas Spīdolas ģimnāzija</b></font>", "balloonContentBody": "<p><strong>Mācību valoda:</strong> Latviešu</p><p><strong>Skolēnu skaits:</strong> 502</p><p><strong>Direktors:</strong> ILZE VILKĀRSE</p><hr><p><strong>Adrese:</strong> MĀTERA IELA 30, JELGAVA, LV-3001</p><hr><div class='text-center'><a href='schools/41.html'><button type='button' class='btn btn-success'> Uzzināt vairāk <i class='fas fa-info-circle'></i></button> </a></div>", "balloonContentFooter": "<font size=1№>41 ", "clusterCaption": "<strong>Jelgavas Spīdolas ģimnāzija</strong>", "hintContent": "<strong>Jelgavas Spīdolas ģimnāzija</strong> "}},
        {"type": "Feature", "id": 42, "geometry": {"type": "Point", "coordinates": [56.65709,23.70844]}, "properties": {"balloonContentHeader": "<font size=3><b>Jelgavas Tehnoloģiju vidusskola</b></font>", "balloonContentBody": "<p><strong>Mācību valoda:</strong> Latviešu</p><p><strong>Skolēnu skaits:</strong> 662</p><p><strong>Direktors:</strong> VALENTĪNA MAIDO</p><hr><p><strong>Adrese:</strong> MEIJU CEĻŠ 9, JELGAVA, LV-3007</p><hr><div class='text-center'><a href='schools/42.html'><button type='button' class='btn btn-success'> Uzzināt vairāk <i class='fas fa-info-circle'></i></button> </a></div>", "balloonContentFooter": "<font size=1№>42 ", "clusterCaption": "<strong>Jelgavas Tehnoloģiju vidusskola</strong>", "hintContent": "<strong>Jelgavas Tehnoloģiju vidusskola</strong> "}},
        {"type": "Feature", "id": 43, "geometry": {"type": "Point", "coordinates": [56.67042,23.75008]}, "properties": {"balloonContentHeader": "<font size=3><b>Jelgavas Vakara (maiņu) vidusskola</b></font>", "balloonContentBody": "<p><strong>Mācību valoda:</strong> Latviešu</p><p><strong>Skolēnu skaits:</strong> 178</p><p><strong>Direktors:</strong> BRIGITA PREISA</p><hr><p><strong>Adrese:</strong> LOKA MAĢISTRĀLE 29, JELGAVA, LV-3004</p><hr><div class='text-center'><a href='schools/43.html'><button type='button' class='btn btn-success'> Uzzināt vairāk <i class='fas fa-info-circle'></i></button> </a></div>", "balloonContentFooter": "<font size=1№>43 ", "clusterCaption": "<strong>Jelgavas Vakara (maiņu) vidusskola</strong>", "hintContent": "<strong>Jelgavas Vakara (maiņu) vidusskola</strong> "}},
        {"type": "Feature", "id": 44, "geometry": {"type": "Point", "coordinates": [56.64255,23.70067]}, "properties": {"balloonContentHeader": "<font size=3><b>Jelgavas 2. internātpamatskola</b></font>", "balloonContentBody": "<p><strong>Mācību valoda:</strong> LK</p><p><strong>Skolēnu skaits:</strong> 157</p><p><strong>Direktors:</strong> LARISA SIMKINA</p><hr><p><strong>Adrese:</strong> FILOZOFU IELA 50, JELGAVA, LV-3001</p><hr><div class='text-center'><a href='schools/44.html'><button type='button' class='btn btn-success'> Uzzināt vairāk <i class='fas fa-info-circle'></i></button> </a></div>", "balloonContentFooter": "<font size=1№>44 ", "clusterCaption": "<strong>Jelgavas 2. internātpamatskola</strong>", "hintContent": "<strong>Jelgavas 2. internātpamatskola</strong> "}},
        {"type": "Feature", "id": 45, "geometry": {"type": "Point", "coordinates": [56.66379,23.74666]}, "properties": {"balloonContentHeader": "<font size=3><b>Jelgavas 1.internātpamatskola - attīstības centrs</b></font>", "balloonContentBody": "<p><strong>Mācību valoda:</strong> Latviešu</p><p><strong>Skolēnu skaits:</strong> 134</p><p><strong>Direktors:</strong> GUNDABALODE</p><hr><p><strong>Adrese:</strong> INSTITŪTA IELA 4, JELGAVA, LV-3002</p><hr><div class='text-center'><a href='schools/45.html'><button type='button' class='btn btn-success'> Uzzināt vairāk <i class='fas fa-info-circle'></i></button> </a></div>", "balloonContentFooter": "<font size=1№>45 ", "clusterCaption": "<strong>Jelgavas 1.internātpamatskola - attīstības centrs</strong>", "hintContent": "<strong>Jelgavas 1.internātpamatskola - attīstības centrs</strong> "}},
        {"type": "Feature", "id": 46, "geometry": {"type": "Point", "coordinates": [56.64653,23.73185]}, "properties": {"balloonContentHeader": "<font size=3><b>Jelgavas Amatu vidusskola</b></font>", "balloonContentBody": "<p><strong>Mācību valoda:</strong> Latviešu</p><p><strong>Skolēnu skaits:</strong> 25</p><p><strong>Direktors:</strong> EDĪTEBIŠERE</p><hr><p><strong>Adrese:</strong> AKADĒMIJAS IELA 25, JELGAVA, LV-3001</p><hr><div class='text-center'><a href='schools/46.html'><button type='button' class='btn btn-success'> Uzzināt vairāk <i class='fas fa-info-circle'></i></button> </a></div>", "balloonContentFooter": "<font size=1№>46 ", "clusterCaption": "<strong>Jelgavas Amatu vidusskola</strong>", "hintContent": "<strong>Jelgavas Amatu vidusskola</strong> "}}
        
    ]
}
