{
    "type": "FeatureCollection",
    "features": [
        {"type": "Feature", "id": 47, "geometry": {"type": "Point", "coordinates": [56.96191,23.81407]}, "properties": {"balloonContentHeader": "<font size=3><b>Sākumskola 'Ābelīte'</b></font>", "balloonContentBody": "<p><strong>Mācību valoda:</strong> Krievu</p><p><strong>Skolēnu skaits:</strong> 109</p><p><strong>Direktors:</strong> NATĀLIJA ZARĀNE</p><hr><p><strong>Adrese:</strong> PLŪDU IELA 4a, JŪRMALA, LV-2015</p><hr><div class='text-center'><a href='schools/47.html'><button type='button' class='btn btn-success'> Uzzināt vairāk <i class='fas fa-info-circle'></i></button> </a></div>", "balloonContentFooter": "<font size=1№>47 ", "clusterCaption": "<strong>Sākumskola 'Ābelīte'</strong>", "hintContent": "<strong>Sākumskola 'Ābelīte'</strong> "}},
        {"type": "Feature", "id": 48, "geometry": {"type": "Point", "coordinates": [56.96586,23.76705]}, "properties": {"balloonContentHeader": "<font size=3><b>Sākumskola 'Taurenītis'</b></font>", "balloonContentBody": "<p><strong>Mācību valoda:</strong> Latviešu</p><p><strong>Skolēnu skaits:</strong> 133</p><p><strong>Direktors:</strong> SARMĪTE LIMBA</p><hr><p><strong>Adrese:</strong> KĻAVU IELA 29/31, JŪRMALA, LV-2015</p><hr><div class='text-center'><a href='schools/48.html'><button type='button' class='btn btn-success'> Uzzināt vairāk <i class='fas fa-info-circle'></i></button> </a></div>", "balloonContentFooter": "<font size=1№>48 ", "clusterCaption": "<strong>Sākumskola 'Taurenītis'</strong>", "hintContent": "<strong>Sākumskola 'Taurenītis'</strong> "}},
        {"type": "Feature", "id": 49, "geometry": {"type": "Point", "coordinates": [56.95241,23.61112]}, "properties": {"balloonContentHeader": "<font size=3><b>Jūrmalas sākumskola 'Atvase'</b></font>", "balloonContentBody": "<p><strong>Mācību valoda:</strong> Latviešu</p><p><strong>Skolēnu skaits:</strong> 364</p><p><strong>Direktors:</strong> MIRDZA VĪNBERGA</p><hr><p><strong>Adrese:</strong> RAIŅA IELA 53, JŪRMALA, LV-2011</p><hr><div class='text-center'><a href='schools/49.html'><button type='button' class='btn btn-success'> Uzzināt vairāk <i class='fas fa-info-circle'></i></button> </a></div>", "balloonContentFooter": "<font size=1№>49 ", "clusterCaption": "<strong>Jūrmalas sākumskola 'Atvase'</strong>", "hintContent": "<strong>Jūrmalas sākumskola 'Atvase'</strong> "}},
        {"type": "Feature", "id": 50, "geometry": {"type": "Point", "coordinates": [56.94884,23.6126]}, "properties": {"balloonContentHeader": "<font size=3><b>Slokas pamatskola</b></font>", "balloonContentBody": "<p><strong>Mācību valoda:</strong> Latviešu</p><p><strong>Skolēnu skaits:</strong> 302</p><p><strong>Direktors:</strong> GUNTARS MIĶELSONS</p><hr><p><strong>Adrese:</strong> SKOLAS IELA 3, JŪRMALA, LV-2011</p><hr><div class='text-center'><a href='schools/50.html'><button type='button' class='btn btn-success'> Uzzināt vairāk <i class='fas fa-info-circle'></i></button> </a></div>", "balloonContentFooter": "<font size=1№>50 ", "clusterCaption": "<strong>Slokas pamatskola</strong>", "hintContent": "<strong>Slokas pamatskola</strong> "}},
        {"type": "Feature", "id": 51, "geometry": {"type": "Point", "coordinates": [56.97285,23.85184]}, "properties": {"balloonContentHeader": "<font size=3><b>Jūrmalas Alternatīvā skola</b></font>", "balloonContentBody": "<p><strong>Mācību valoda:</strong> Latviešu</p><p><strong>Skolēnu skaits:</strong> 168</p><p><strong>Direktors:</strong> EGILS BLŪMS</p><hr><p><strong>Adrese:</strong> VIESTURA IELA 6, JŪRMALA, LV-2010</p><hr><div class='text-center'><a href='schools/51.html'><button type='button' class='btn btn-success'> Uzzināt vairāk <i class='fas fa-info-circle'></i></button> </a></div>", "balloonContentFooter": "<font size=1№>51 ", "clusterCaption": "<strong>Jūrmalas Alternatīvā skola</strong>", "hintContent": "<strong>Jūrmalas Alternatīvā skola</strong> "}},
        {"type": "Feature", "id": 52, "geometry": {"type": "Point", "coordinates": [56.95966,23.66366]}, "properties": {"balloonContentHeader": "<font size=3><b>Vaivaru pamatskola</b></font>", "balloonContentBody": "<p><strong>Mācību valoda:</strong> Latviešu</p><p><strong>Skolēnu skaits:</strong> 140</p><p><strong>Direktors:</strong> INESE KĀRKLIŅA</p><hr><p><strong>Adrese:</strong> SKAUTU IELA 2, JŪRMALA, LV-2008</p><hr><div class='text-center'><a href='schools/52.html'><button type='button' class='btn btn-success'> Uzzināt vairāk <i class='fas fa-info-circle'></i></button> </a></div>", "balloonContentFooter": "<font size=1№>52 ", "clusterCaption": "<strong>Vaivaru pamatskola</strong>", "hintContent": "<strong>Vaivaru pamatskola</strong> "}},
        {"type": "Feature", "id": 53, "geometry": {"type": "Point", "coordinates": [56.98151,23.86258]}, "properties": {"balloonContentHeader": "<font size=3><b>Jūrmalas pilsētas Lielupes pamatskola</b></font>", "balloonContentBody": "<p><strong>Mācību valoda:</strong> Latviešu</p><p><strong>Skolēnu skaits:</strong> 142</p><p><strong>Direktors:</strong> INITA VANKA-TREIFELDE</p><hr><p><strong>Adrese:</strong> AIZPUTES IELA 1A, JŪRMALA, LV-2010</p><hr><div class='text-center'><a href='schools/53.html'><button type='button' class='btn btn-success'> Uzzināt vairāk <i class='fas fa-info-circle'></i></button> </a></div>", "balloonContentFooter": "<font size=1№>53 ", "clusterCaption": "<strong>Jūrmalas pilsētas Lielupes pamatskola</strong>", "hintContent": "<strong>Jūrmalas pilsētas Lielupes pamatskola</strong> "}},
        {"type": "Feature", "id": 54, "geometry": {"type": "Point", "coordinates": [56.94099,23.49021]}, "properties": {"balloonContentHeader": "<font size=3><b>Ķemeru pamatskola</b></font>", "balloonContentBody": "<p><strong>Mācību valoda:</strong> Latviešu</p><p><strong>Skolēnu skaits:</strong> 106</p><p><strong>Direktors:</strong> SVETLANA SEŅKINA</p><hr><p><strong>Adrese:</strong> TUKUMA IELA 10, JŪRMALA, LV-2012</p><hr><div class='text-center'><a href='schools/54.html'><button type='button' class='btn btn-success'> Uzzināt vairāk <i class='fas fa-info-circle'></i></button> </a></div>", "balloonContentFooter": "<font size=1№>54 ", "clusterCaption": "<strong>Ķemeru pamatskola</strong>", "hintContent": "<strong>Ķemeru pamatskola</strong> "}},
        {"type": "Feature", "id": 55, "geometry": {"type": "Point", "coordinates": [56.95311,23.61094]}, "properties": {"balloonContentHeader": "<font size=3><b>Jūrmalas Valsts ģimnāzija</b></font>", "balloonContentBody": "<p><strong>Mācību valoda:</strong> Latviešu</p><p><strong>Skolēnu skaits:</strong> 314</p><p><strong>Direktors:</strong> SANDRA RONE</p><hr><p><strong>Adrese:</strong> RAIŅA IELA 55, JŪRMALA, LV-2011</p><hr><div class='text-center'><a href='schools/55.html'><button type='button' class='btn btn-success'> Uzzināt vairāk <i class='fas fa-info-circle'></i></button> </a></div>", "balloonContentFooter": "<font size=1№>55 ", "clusterCaption": "<strong>Jūrmalas Valsts ģimnāzija</strong>", "hintContent": "<strong>Jūrmalas Valsts ģimnāzija</strong> "}},
        {"type": "Feature", "id": 56, "geometry": {"type": "Point", "coordinates": [56.96155,23.6123]}, "properties": {"balloonContentHeader": "<font size=3><b>Jūrmalas pilsētas Kauguru vidusskola</b></font>", "balloonContentBody": "<p><strong>Mācību valoda:</strong> Krievu</p><p><strong>Skolēnu skaits:</strong> 703</p><p><strong>Direktors:</strong> ZINAĪDA TARASENKO</p><hr><p><strong>Adrese:</strong> RAIŅA IELA 118, JŪRMALA, LV-2016</p><hr><div class='text-center'><a href='schools/56.html'><button type='button' class='btn btn-success'> Uzzināt vairāk <i class='fas fa-info-circle'></i></button> </a></div>", "balloonContentFooter": "<font size=1№>56 ", "clusterCaption": "<strong>Jūrmalas pilsētas Kauguru vidusskola</strong>", "hintContent": "<strong>Jūrmalas pilsētas Kauguru vidusskola</strong> "}},
        {"type": "Feature", "id": 57, "geometry": {"type": "Point", "coordinates": [56.96101,23.73625]}, "properties": {"balloonContentHeader": "<font size=3><b>Pumpuru vidusskola</b></font>", "balloonContentBody": "<p><strong>Mācību valoda:</strong> Latviešu</p><p><strong>Skolēnu skaits:</strong> 534</p><p><strong>Direktors:</strong> IRĒNA KAUSINIECE</p><hr><p><strong>Adrese:</strong> KRONVALDA IELA 8, JŪRMALA, LV-2008</p><hr><div class='text-center'><a href='schools/57.html'><button type='button' class='btn btn-success'> Uzzināt vairāk <i class='fas fa-info-circle'></i></button> </a></div>", "balloonContentFooter": "<font size=1№>57 ", "clusterCaption": "<strong>Pumpuru vidusskola</strong>", "hintContent": "<strong>Pumpuru vidusskola</strong> "}},
        {"type": "Feature", "id": 58, "geometry": {"type": "Point", "coordinates": [56.96287,23.76107]}, "properties": {"balloonContentHeader": "<font size=3><b>Jūrmalas pilsētas Jaundubultu vidusskola</b></font>", "balloonContentBody": "<p><strong>Mācību valoda:</strong> Krievu</p><p><strong>Skolēnu skaits:</strong> 302</p><p><strong>Direktors:</strong> ĒRIKS ANNUŠKĀNS</p><hr><p><strong>Adrese:</strong> LIELUPES IELA 21, JŪRMALA, LV-2015</p><hr><div class='text-center'><a href='schools/58.html'><button type='button' class='btn btn-success'> Uzzināt vairāk <i class='fas fa-info-circle'></i></button> </a></div>", "balloonContentFooter": "<font size=1№>58 ", "clusterCaption": "<strong>Jūrmalas pilsētas Jaundubultu vidusskola</strong>", "hintContent": "<strong>Jūrmalas pilsētas Jaundubultu vidusskola</strong> "}},
        {"type": "Feature", "id": 59, "geometry": {"type": "Point", "coordinates": [56.95743,23.62156]}, "properties": {"balloonContentHeader": "<font size=3><b>Jūrmalas pilsētas Mežmalas vidusskola</b></font>", "balloonContentBody": "<p><strong>Mācību valoda:</strong> Krievu</p><p><strong>Skolēnu skaits:</strong> 415</p><p><strong>Direktors:</strong> ANDŽELA ZUBKOVSKA</p><hr><p><strong>Adrese:</strong> RŪPNIECĪBAS IELA 13, JŪRMALA, LV-2016</p><hr><div class='text-center'><a href='schools/59.html'><button type='button' class='btn btn-success'> Uzzināt vairāk <i class='fas fa-info-circle'></i></button> </a></div>", "balloonContentFooter": "<font size=1№>59 ", "clusterCaption": "<strong>Jūrmalas pilsētas Mežmalas vidusskola</strong>", "hintContent": "<strong>Jūrmalas pilsētas Mežmalas vidusskola</strong> "}},
        {"type": "Feature", "id": 60, "geometry": {"type": "Point", "coordinates": [56.97011,23.80473]}, "properties": {"balloonContentHeader": "<font size=3><b>Majoru vidusskola</b></font>", "balloonContentBody": "<p><strong>Mācību valoda:</strong> Latviešu</p><p><strong>Skolēnu skaits:</strong> 419</p><p><strong>Direktors:</strong> ILZE OSE</p><hr><p><strong>Adrese:</strong> RĪGAS IELA 3, JŪRMALA, LV-2015</p><hr><div class='text-center'><a href='schools/60.html'><button type='button' class='btn btn-success'> Uzzināt vairāk <i class='fas fa-info-circle'></i></button> </a></div>", "balloonContentFooter": "<font size=1№>60 ", "clusterCaption": "<strong>Majoru vidusskola</strong>", "hintContent": "<strong>Majoru vidusskola</strong> "}},
        {"type": "Feature", "id": 61, "geometry": {"type": "Point", "coordinates": [56.97416,23.8509]}, "properties": {"balloonContentHeader": "<font size=3><b>Latvijas Starptautiskā skola</b></font>", "balloonContentBody": "<p><strong>Mācību valoda:</strong> Angļu</p><p><strong>Skolēnu skaits:</strong> 321</p><p><strong>Direktors:</strong> MARY ELIZABETHRUSSMAN</p><hr><p><strong>Adrese:</strong> VIESTURA IELA 6a, JŪRMALA, LV-2010</p><hr><div class='text-center'><a href='schools/61.html'><button type='button' class='btn btn-success'> Uzzināt vairāk <i class='fas fa-info-circle'></i></button> </a></div>", "balloonContentFooter": "<font size=1№>61 ", "clusterCaption": "<strong>Latvijas Starptautiskā skola</strong>", "hintContent": "<strong>Latvijas Starptautiskā skola</strong> "}},
        {"type": "Feature", "id": 62, "geometry": {"type": "Point", "coordinates": [56.96287,23.76107]}, "properties": {"balloonContentHeader": "<font size=3><b>Jūrmalas vakara vidusskola</b></font>", "balloonContentBody": "<p><strong>Mācību valoda:</strong> LK</p><p><strong>Skolēnu skaits:</strong> 184</p><p><strong>Direktors:</strong> VALDA REISA</p><hr><p><strong>Adrese:</strong> LIELUPES IELA 21, JŪRMALA, LV-2015</p><hr><div class='text-center'><a href='schools/62.html'><button type='button' class='btn btn-success'> Uzzināt vairāk <i class='fas fa-info-circle'></i></button> </a></div>", "balloonContentFooter": "<font size=1№>62 ", "clusterCaption": "<strong>Jūrmalas vakara vidusskola</strong>", "hintContent": "<strong>Jūrmalas vakara vidusskola</strong> "}},
        {"type": "Feature", "id": 63, "geometry": {"type": "Point", "coordinates": [56.94149,23.61862]}, "properties": {"balloonContentHeader": "<font size=3><b>Jūrmalas pilsētas internātpamatskola</b></font>", "balloonContentBody": "<p><strong>Mācību valoda:</strong> LK</p><p><strong>Skolēnu skaits:</strong> 86</p><p><strong>Direktors:</strong> INDULIS SKUDRA</p><hr><p><strong>Adrese:</strong> DZIRNAVU IELA 50, JŪRMALA, LV-2011</p><hr><div class='text-center'><a href='schools/63.html'><button type='button' class='btn btn-success'> Uzzināt vairāk <i class='fas fa-info-circle'></i></button> </a></div>", "balloonContentFooter": "<font size=1№>63 ", "clusterCaption": "<strong>Jūrmalas pilsētas internātpamatskola</strong>", "hintContent": "<strong>Jūrmalas pilsētas internātpamatskola</strong> "}}        
    ]
}
