{
    "type": "FeatureCollection",
    "features": [
        {"type": "Feature", "id": 64, "geometry": {"type": "Point", "coordinates": [56.49369,21.02219]}, "properties": {"balloonContentHeader": "<font size=3><b>Liepājas Ezerkrasta sākumskola</b></font>", "balloonContentBody": "<p><strong>Mācību valoda:</strong> Latviešu</p><p><strong>Skolēnu skaits:</strong> 348</p><p><strong>Direktors:</strong> DACE GEDROVIČA</p><hr><p><strong>Adrese:</strong> LAUKU IELA 54, LIEPĀJA, LV-3411</p><hr><div class='text-center'><a href='schools/64.html'><button type='button' class='btn btn-success'> Uzzināt vairāk <i class='fas fa-info-circle'></i></button> </a></div>", "balloonContentFooter": "<font size=1№>64 ", "clusterCaption": "<strong>Liepājas Ezerkrasta sākumskola</strong>", "hintContent": "<strong>Liepājas Ezerkrasta sākumskola</strong> "}},
        {"type": "Feature", "id": 65, "geometry": {"type": "Point", "coordinates": [56.50969,20.99986]}, "properties": {"balloonContentHeader": "<font size=3><b>Liepājas Centra sākumskola</b></font>", "balloonContentBody": "<p><strong>Mācību valoda:</strong> Latviešu</p><p><strong>Skolēnu skaits:</strong> 596</p><p><strong>Direktors:</strong> KRISTĪNE BĀRDULE</p><hr><p><strong>Adrese:</strong> ULIHA IELA 33, LIEPĀJA, LV-3401</p><hr><div class='text-center'><a href='schools/65.html'><button type='button' class='btn btn-success'> Uzzināt vairāk <i class='fas fa-info-circle'></i></button> </a></div>", "balloonContentFooter": "<font size=1№>65 ", "clusterCaption": "<strong>Liepājas Centra sākumskola</strong>", "hintContent": "<strong>Liepājas Centra sākumskola</strong> "}},
        {"type": "Feature", "id": 66, "geometry": {"type": "Point", "coordinates": [56.50793,21.00123]}, "properties": {"balloonContentHeader": "<font size=3><b>Privātsākumskola 'Varavīksne'</b></font>", "balloonContentBody": "<p><strong>Mācību valoda:</strong> Latviešu</p><p><strong>Skolēnu skaits:</strong> 53</p><p><strong>Direktors:</strong> INGVILDA PARFJONOVA</p><hr><p><strong>Adrese:</strong> REPUBLIKAS IELA 23, LIEPĀJA, LV-3401</p><hr><div class='text-center'><a href='schools/66.html'><button type='button' class='btn btn-success'> Uzzināt vairāk <i class='fas fa-info-circle'></i></button> </a></div>", "balloonContentFooter": "<font size=1№>66 ", "clusterCaption": "<strong>Privātsākumskola 'Varavīksne'</strong>", "hintContent": "<strong>Privātsākumskola 'Varavīksne'</strong> "}},
        {"type": "Feature", "id": 67, "geometry": {"type": "Point", "coordinates": [56.55051,21.02456]}, "properties": {"balloonContentHeader": "<font size=3><b>Liepājas 3. pamatskola</b></font>", "balloonContentBody": "<p><strong>Mācību valoda:</strong> Krievu</p><p><strong>Skolēnu skaits:</strong> 387</p><p><strong>Direktors:</strong> ALEKSANDRS KOZIČS</p><hr><p><strong>Adrese:</strong> LAZARETES IELA 8, LIEPĀJA, LV-3402</p><hr><div class='text-center'><a href='schools/67.html'><button type='button' class='btn btn-success'> Uzzināt vairāk <i class='fas fa-info-circle'></i></button> </a></div>", "balloonContentFooter": "<font size=1№>67 ", "clusterCaption": "<strong>Liepājas 3. pamatskola</strong>", "hintContent": "<strong>Liepājas 3. pamatskola</strong> "}},
        {"type": "Feature", "id": 68, "geometry": {"type": "Point", "coordinates": [56.53794,21.01191]}, "properties": {"balloonContentHeader": "<font size=3><b>Liepājas internātpamatskola</b></font>", "balloonContentBody": "<p><strong>Mācību valoda:</strong> Latviešu</p><p><strong>Skolēnu skaits:</strong> 88</p><p><strong>Direktors:</strong> GUNTA LAUBERGA</p><hr><p><strong>Adrese:</strong> KRŪMU IELA 65, LIEPĀJA, LV-3405</p><hr><div class='text-center'><a href='schools/68.html'><button type='button' class='btn btn-success'> Uzzināt vairāk <i class='fas fa-info-circle'></i></button> </a></div>", "balloonContentFooter": "<font size=1№>68 ", "clusterCaption": "<strong>Liepājas internātpamatskola</strong>", "hintContent": "<strong>Liepājas internātpamatskola</strong> "}},
        {"type": "Feature", "id": 69, "geometry": {"type": "Point", "coordinates": [56.50553,21.00622]}, "properties": {"balloonContentHeader": "<font size=3><b>Liepājas Katoļu pamatskola</b></font>", "balloonContentBody": "<p><strong>Mācību valoda:</strong> Latviešu</p><p><strong>Skolēnu skaits:</strong> 144</p><p><strong>Direktors:</strong> IVETA KALNIŅA</p><hr><p><strong>Adrese:</strong> PELDU IELA 17, LIEPĀJA, LV-3401</p><hr><div class='text-center'><a href='schools/69.html'><button type='button' class='btn btn-success'> Uzzināt vairāk <i class='fas fa-info-circle'></i></button> </a></div>", "balloonContentFooter": "<font size=1№>69 ", "clusterCaption": "<strong>Liepājas Katoļu pamatskola</strong>", "hintContent": "<strong>Liepājas Katoļu pamatskola</strong> "}},
        {"type": "Feature", "id": 70, "geometry": {"type": "Point", "coordinates": [56.51016,21.00469]}, "properties": {"balloonContentHeader": "<font size=3><b>Liepājas Valsts 1. ģimnāzija</b></font>", "balloonContentBody": "<p><strong>Mācību valoda:</strong> Latviešu</p><p><strong>Skolēnu skaits:</strong> 629</p><p><strong>Direktors:</strong> HELVIJS VALCIS</p><hr><p><strong>Adrese:</strong> AUSEKĻA IELA 9, LIEPĀJA, LV-3401</p><hr><div class='text-center'><a href='schools/70.html'><button type='button' class='btn btn-success'> Uzzināt vairāk <i class='fas fa-info-circle'></i></button> </a></div>", "balloonContentFooter": "<font size=1№>70 ", "clusterCaption": "<strong>Liepājas Valsts 1. ģimnāzija</strong>", "hintContent": "<strong>Liepājas Valsts 1. ģimnāzija</strong> "}},
        {"type": "Feature", "id": 71, "geometry": {"type": "Point", "coordinates": [56.49087,21.0018]}, "properties": {"balloonContentHeader": "<font size=3><b>Liepājas A. Puškina 2. vidusskola</b></font>", "balloonContentBody": "<p><strong>Mācību valoda:</strong> Krievu</p><p><strong>Skolēnu skaits:</strong> 628</p><p><strong>Direktors:</strong> EDĪTE PLAMŠE</p><hr><p><strong>Adrese:</strong> LIEDAGA IELA 5, LIEPĀJA, LV-3416</p><hr><div class='text-center'><a href='schools/71.html'><button type='button' class='btn btn-success'> Uzzināt vairāk <i class='fas fa-info-circle'></i></button> </a></div>", "balloonContentFooter": "<font size=1№>71 ", "clusterCaption": "<strong>Liepājas A. Puškina 2. vidusskola</strong>", "hintContent": "<strong>Liepājas A. Puškina 2. vidusskola</strong> "}},
        {"type": "Feature", "id": 72, "geometry": {"type": "Point", "coordinates": [56.52097,21.01735]}, "properties": {"balloonContentHeader": "<font size=3><b>Draudzīgā aicinājuma Liepājas pilsētas 5. vidusskola</b></font>", "balloonContentBody": "<p><strong>Mācību valoda:</strong> Latviešu</p><p><strong>Skolēnu skaits:</strong> 1124</p><p><strong>Direktors:</strong> INTA KORŅĒJEVA</p><hr><p><strong>Adrese:</strong> RĪGAS IELA 50, LIEPĀJA, LV-3401</p><hr><div class='text-center'><a href='schools/72.html'><button type='button' class='btn btn-success'> Uzzināt vairāk <i class='fas fa-info-circle'></i></button> </a></div>", "balloonContentFooter": "<font size=1№>72 ", "clusterCaption": "<strong>Draudzīgā aicinājuma Liepājas pilsētas 5. vidusskola</strong>", "hintContent": "<strong>Draudzīgā aicinājuma Liepājas pilsētas 5. vidusskola</strong> "}},
        {"type": "Feature", "id": 73, "geometry": {"type": "Point", "coordinates": [56.49735,21.01599]}, "properties": {"balloonContentHeader": "<font size=3><b>Liepājas Raiņa 6. vidusskola</b></font>", "balloonContentBody": "<p><strong>Mācību valoda:</strong> Latviešu</p><p><strong>Skolēnu skaits:</strong> 582</p><p><strong>Direktors:</strong> KĀRLIS STRAUTIŅŠ</p><hr><p><strong>Adrese:</strong> GANĪBU IELA 106, LIEPĀJA, LV-3411</p><hr><div class='text-center'><a href='schools/73.html'><button type='button' class='btn btn-success'> Uzzināt vairāk <i class='fas fa-info-circle'></i></button> </a></div>", "balloonContentFooter": "<font size=1№>73 ", "clusterCaption": "<strong>Liepājas Raiņa 6. vidusskola</strong>", "hintContent": "<strong>Liepājas Raiņa 6. vidusskola</strong> "}},
        {"type": "Feature", "id": 74, "geometry": {"type": "Point", "coordinates": [56.53446,21.00819]}, "properties": {"balloonContentHeader": "<font size=3><b>Liepājas 7. vidusskola</b></font>", "balloonContentBody": "<p><strong>Mācību valoda:</strong> Krievu</p><p><strong>Skolēnu skaits:</strong> 748</p><p><strong>Direktors:</strong> INESE FERSTERE</p><hr><p><strong>Adrese:</strong> CELMU IELA 6, LIEPĀJA, LV-3417</p><hr><div class='text-center'><a href='schools/74.html'><button type='button' class='btn btn-success'> Uzzināt vairāk <i class='fas fa-info-circle'></i></button> </a></div>", "balloonContentFooter": "<font size=1№>74 ", "clusterCaption": "<strong>Liepājas 7. vidusskola</strong>", "hintContent": "<strong>Liepājas 7. vidusskola</strong> "}},
        {"type": "Feature", "id": 75, "geometry": {"type": "Point", "coordinates": [56.50396,21.00411]}, "properties": {"balloonContentHeader": "<font size=3><b>J. Čakstes Liepājas pilsētas 10. vidusskola</b></font>", "balloonContentBody": "<p><strong>Mācību valoda:</strong> Latviešu</p><p><strong>Skolēnu skaits:</strong> 734</p><p><strong>Direktors:</strong> INTA FREIBERGA</p><hr><p><strong>Adrese:</strong> ALEJAS IELA 16, LIEPĀJA, LV-3401</p><hr><div class='text-center'><a href='schools/75.html'><button type='button' class='btn btn-success'> Uzzināt vairāk <i class='fas fa-info-circle'></i></button> </a></div>", "balloonContentFooter": "<font size=1№>75 ", "clusterCaption": "<strong>J. Čakstes Liepājas pilsētas 10. vidusskola</strong>", "hintContent": "<strong>J. Čakstes Liepājas pilsētas 10. vidusskola</strong> "}},
        {"type": "Feature", "id": 76, "geometry": {"type": "Point", "coordinates": [56.50283,21.00661]}, "properties": {"balloonContentHeader": "<font size=3><b>Liepājas pilsētas 12. vidusskola</b></font>", "balloonContentBody": "<p><strong>Mācību valoda:</strong> Krievu</p><p><strong>Skolēnu skaits:</strong> 544</p><p><strong>Direktors:</strong> VALERIJS JEPISKOPOSOVS</p><hr><p><strong>Adrese:</strong> KRIŠJĀŅA VALDEMĀRA IELA 35/37, LIEPĀJA, LV-3401</p><hr><div class='text-center'><a href='schools/76.html'><button type='button' class='btn btn-success'> Uzzināt vairāk <i class='fas fa-info-circle'></i></button> </a></div>", "balloonContentFooter": "<font size=1№>76 ", "clusterCaption": "<strong>Liepājas pilsētas 12. vidusskola</strong>", "hintContent": "<strong>Liepājas pilsētas 12. vidusskola</strong> "}},
        {"type": "Feature", "id": 77, "geometry": {"type": "Point", "coordinates": [56.54042,21.00452]}, "properties": {"balloonContentHeader": "<font size=3><b>Oskara Kalpaka Liepājas 15. vidusskola</b></font>", "balloonContentBody": "<p><strong>Mācību valoda:</strong> Latviešu</p><p><strong>Skolēnu skaits:</strong> 951</p><p><strong>Direktors:</strong> GINTS ROČĀNS</p><hr><p><strong>Adrese:</strong> OSKARA KALPAKA IELA 96, LIEPĀJA, LV-3405</p><hr><div class='text-center'><a href='schools/77.html'><button type='button' class='btn btn-success'> Uzzināt vairāk <i class='fas fa-info-circle'></i></button> </a></div>", "balloonContentFooter": "<font size=1№>77 ", "clusterCaption": "<strong>Oskara Kalpaka Liepājas 15. vidusskola</strong>", "hintContent": "<strong>Oskara Kalpaka Liepājas 15. vidusskola</strong> "}},
        {"type": "Feature", "id": 78, "geometry": {"type": "Point", "coordinates": [56.48081,21.01819]}, "properties": {"balloonContentHeader": "<font size=3><b>Liepājas 8. vidusskola</b></font>", "balloonContentBody": "<p><strong>Mācību valoda:</strong> LK</p><p><strong>Skolēnu skaits:</strong> 597</p><p><strong>Direktors:</strong> JEVGĒNIJA MICKĒVIČA</p><hr><p><strong>Adrese:</strong> DUNIKAS IELA 9/11, LIEPĀJA, LV-3416</p><hr><div class='text-center'><a href='schools/78.html'><button type='button' class='btn btn-success'> Uzzināt vairāk <i class='fas fa-info-circle'></i></button> </a></div>", "balloonContentFooter": "<font size=1№>78 ", "clusterCaption": "<strong>Liepājas 8. vidusskola</strong>", "hintContent": "<strong>Liepājas 8. vidusskola</strong> "}},
        {"type": "Feature", "id": 79, "geometry": {"type": "Point", "coordinates": [56.51512,21.01352]}, "properties": {"balloonContentHeader": "<font size=3><b>Liepājas vakara (maiņu) vidusskola</b></font>", "balloonContentBody": "<p><strong>Mācību valoda:</strong> LK</p><p><strong>Skolēnu skaits:</strong> 319</p><p><strong>Direktors:</strong> ALLA MATVEJEVA</p><hr><p><strong>Adrese:</strong> RAIŅA IELA 5, LIEPĀJA, LV-3401</p><hr><div class='text-center'><a href='schools/79.html'><button type='button' class='btn btn-success'> Uzzināt vairāk <i class='fas fa-info-circle'></i></button> </a></div>", "balloonContentFooter": "<font size=1№>79 ", "clusterCaption": "<strong>Liepājas vakara (maiņu) vidusskola</strong>", "hintContent": "<strong>Liepājas vakara (maiņu) vidusskola</strong> "}},
        {"type": "Feature", "id": 80, "geometry": {"type": "Point", "coordinates": [56.50357,21.00194]}, "properties": {"balloonContentHeader": "<font size=3><b>Liepājas speciālā internātpamatskola</b></font>", "balloonContentBody": "<p><strong>Mācību valoda:</strong> Latviešu</p><p><strong>Skolēnu skaits:</strong> 193</p><p><strong>Direktors:</strong> ATIS BRIKMANIS</p><hr><p><strong>Adrese:</strong> ULIHA IELA 56, LIEPĀJA, LV-3401</p><hr><div class='text-center'><a href='schools/80.html'><button type='button' class='btn btn-success'> Uzzināt vairāk <i class='fas fa-info-circle'></i></button> </a></div>", "balloonContentFooter": "<font size=1№>80 ", "clusterCaption": "<strong>Liepājas speciālā internātpamatskola</strong>", "hintContent": "<strong>Liepājas speciālā internātpamatskola</strong> "}}        
    ]
}
