{
    "type": "FeatureCollection",
    "features": [
        {"type": "Feature", "id": 82, "geometry": {"type": "Point", "coordinates": [56.50495,27.33836]}, "properties": {"balloonContentHeader": "<font size=3><b>Rēzeknes sākumskola</b></font>", "balloonContentBody": "<p><strong>Mācību valoda:</strong> Latviešu</p><p><strong>Skolēnu skaits:</strong> 487</p><p><strong>Direktors:</strong> ILONA STRAMKALE</p><hr><p><strong>Adrese:</strong> KAĻĶU IELA 12, RĒZEKNE, LV-4601</p><hr><div class='text-center'><a href='schools/82.html'><button type='button' class='btn btn-success'> Uzzināt vairāk <i class='fas fa-info-circle'></i></button> </a></div>", "balloonContentFooter": "<font size=1№>82 ", "clusterCaption": "<strong>Rēzeknes sākumskola</strong>", "hintContent": "<strong>Rēzeknes sākumskola</strong> "}},
        {"type": "Feature", "id": 83, "geometry": {"type": "Point", "coordinates": [56.50704,27.33354]}, "properties": {"balloonContentHeader": "<font size=3><b>Rēzeknes 2. vidusskola</b></font>", "balloonContentBody": "<p><strong>Mācību valoda:</strong> Krievu</p><p><strong>Skolēnu skaits:</strong> 492</p><p><strong>Direktors:</strong> IGORS SERGEJEVS</p><hr><p><strong>Adrese:</strong> DĀRZU IELA 17, RĒZEKNE, LV-4601</p><hr><div class='text-center'><a href='schools/83.html'><button type='button' class='btn btn-success'> Uzzināt vairāk <i class='fas fa-info-circle'></i></button> </a></div>", "balloonContentFooter": "<font size=1№>83 ", "clusterCaption": "<strong>Rēzeknes 2. vidusskola</strong>", "hintContent": "<strong>Rēzeknes 2. vidusskola</strong> "}},
        {"type": "Feature", "id": 84, "geometry": {"type": "Point", "coordinates": [56.50982,27.33498]}, "properties": {"balloonContentHeader": "<font size=3><b>Rēzeknes 3. vidusskola</b></font>", "balloonContentBody": "<p><strong>Mācību valoda:</strong> Krievu</p><p><strong>Skolēnu skaits:</strong> 431</p><p><strong>Direktors:</strong> KRISTĪNE USTINOVA</p><hr><p><strong>Adrese:</strong> 18. NOVEMBRA IELA 33, RĒZEKNE, LV-4600</p><hr><div class='text-center'><a href='schools/84.html'><button type='button' class='btn btn-success'> Uzzināt vairāk <i class='fas fa-info-circle'></i></button> </a></div>", "balloonContentFooter": "<font size=1№>84 ", "clusterCaption": "<strong>Rēzeknes 3. vidusskola</strong>", "hintContent": "<strong>Rēzeknes 3. vidusskola</strong> "}},
        {"type": "Feature", "id": 85, "geometry": {"type": "Point", "coordinates": [56.5250483,27.3485021]}, "properties": {"balloonContentHeader": "<font size=3><b>Rēzeknes 5. vidusskola</b></font>", "balloonContentBody": "<p><strong>Mācību valoda:</strong> Latviešu</p><p><strong>Skolēnu skaits:</strong> 477</p><p><strong>Direktors:</strong> VIJA POIKĀNE</p><hr><p><strong>Adrese:</strong> RŪPNĪCAS IELA 11, RĒZEKNE, LV-4604</p><hr><div class='text-center'><a href='schools/85.html'><button type='button' class='btn btn-success'> Uzzināt vairāk <i class='fas fa-info-circle'></i></button> </a></div>", "balloonContentFooter": "<font size=1№>85 ", "clusterCaption": "<strong>Rēzeknes 5. vidusskola</strong>", "hintContent": "<strong>Rēzeknes 5. vidusskola</strong> "}},
        {"type": "Feature", "id": 86, "geometry": {"type": "Point", "coordinates": [56.52281,27.34503]}, "properties": {"balloonContentHeader": "<font size=3><b>Rēzeknes 6. vidusskola</b></font>", "balloonContentBody": "<p><strong>Mācību valoda:</strong> Krievu</p><p><strong>Skolēnu skaits:</strong> 582</p><p><strong>Direktors:</strong> RAISA MEIERE</p><hr><p><strong>Adrese:</strong> KOSMONAUTU IELA 6, RĒZEKNE, LV-4604</p><hr><div class='text-center'><a href='schools/86.html'><button type='button' class='btn btn-success'> Uzzināt vairāk <i class='fas fa-info-circle'></i></button> </a></div>", "balloonContentFooter": "<font size=1№>86 ", "clusterCaption": "<strong>Rēzeknes 6. vidusskola</strong>", "hintContent": "<strong>Rēzeknes 6. vidusskola</strong> "}},
        {"type": "Feature", "id": 87, "geometry": {"type": "Point", "coordinates": [56.51598,27.34192]}, "properties": {"balloonContentHeader": "<font size=3><b>Rēzeknes valsts poļu ģimnāzija</b></font>", "balloonContentBody": "<p><strong>Mācību valoda:</strong> Poļu</p><p><strong>Skolēnu skaits:</strong> 527</p><p><strong>Direktors:</strong> VALENTĪNA ŠIDLOVSKA</p><hr><p><strong>Adrese:</strong> LUBĀNAS IELA 49, RĒZEKNE, LV-4600</p><hr><div class='text-center'><a href='schools/87.html'><button type='button' class='btn btn-success'> Uzzināt vairāk <i class='fas fa-info-circle'></i></button> </a></div>", "balloonContentFooter": "<font size=1№>87 ", "clusterCaption": "<strong>Rēzeknes valsts poļu ģimnāzija</strong>", "hintContent": "<strong>Rēzeknes valsts poļu ģimnāzija</strong> "}},
        {"type": "Feature", "id": 88, "geometry": {"type": "Point", "coordinates": [56.5039,27.33932]}, "properties": {"balloonContentHeader": "<font size=3><b>Rēzeknes Valsts 1. ģimnāzija</b></font>", "balloonContentBody": "<p><strong>Mācību valoda:</strong> Latviešu</p><p><strong>Skolēnu skaits:</strong> 385</p><p><strong>Direktors:</strong> JĀNIS POPLAVSKIS</p><hr><p><strong>Adrese:</strong> DZIRNAVU IELA 3a, RĒZEKNE, LV-4601</p><hr><div class='text-center'><a href='schools/88.html'><button type='button' class='btn btn-success'> Uzzināt vairāk <i class='fas fa-info-circle'></i></button> </a></div>", "balloonContentFooter": "<font size=1№>88 ", "clusterCaption": "<strong>Rēzeknes Valsts 1. ģimnāzija</strong>", "hintContent": "<strong>Rēzeknes Valsts 1. ģimnāzija</strong> "}},
        {"type": "Feature", "id": 89, "geometry": {"type": "Point", "coordinates": [56.49964,27.3381]}, "properties": {"balloonContentHeader": "<font size=3><b>Rēzeknes Katoļu vidusskola</b></font>", "balloonContentBody": "<p><strong>Mācību valoda:</strong> Latviešu</p><p><strong>Skolēnu skaits:</strong> 150</p><p><strong>Direktors:</strong> INESE MIKASKINA</p><hr><p><strong>Adrese:</strong> LATGALES IELA 82, RĒZEKNE, LV-4601</p><hr><div class='text-center'><a href='schools/89.html'><button type='button' class='btn btn-success'> Uzzināt vairāk <i class='fas fa-info-circle'></i></button> </a></div>", "balloonContentFooter": "<font size=1№>89 ", "clusterCaption": "<strong>Rēzeknes Katoļu vidusskola</strong>", "hintContent": "<strong>Rēzeknes Katoļu vidusskola</strong> "}},
        {"type": "Feature", "id": 90, "geometry": {"type": "Point", "coordinates": [56.50432,27.33043]}, "properties": {"balloonContentHeader": "<font size=3><b>Austrumlatvijas Tehnoloģiju vidusskola</b></font>", "balloonContentBody": "<p><strong>Mācību valoda:</strong> Latviešu</p><p><strong>Skolēnu skaits:</strong> 68</p><p><strong>Direktors:</strong> AIVARS VILKASTE</p><hr><p><strong>Adrese:</strong> ATBRĪVOŠANAS ALEJA 90, RĒZEKNE, LV-4601</p><hr><div class='text-center'><a href='schools/90.html'><button type='button' class='btn btn-success'> Uzzināt vairāk <i class='fas fa-info-circle'></i></button> </a></div>", "balloonContentFooter": "<font size=1№>90 ", "clusterCaption": "<strong>Austrumlatvijas Tehnoloģiju vidusskola</strong>", "hintContent": "<strong>Austrumlatvijas Tehnoloģiju vidusskola</strong> "}},
        {"type": "Feature", "id": 91, "geometry": {"type": "Point", "coordinates": [56.50306,27.32221]}, "properties": {"balloonContentHeader": "<font size=3><b>Rēzeknes 4. vidusskola</b></font>", "balloonContentBody": "<p><strong>Mācību valoda:</strong> LK</p><p><strong>Skolēnu skaits:</strong> 433</p><p><strong>Direktors:</strong> JĀNIS GAILIS</p><hr><p><strong>Adrese:</strong> VIĻĀNU IELA 2, RĒZEKNE, LV-4601</p><hr><div class='text-center'><a href='schools/91.html'><button type='button' class='btn btn-success'> Uzzināt vairāk <i class='fas fa-info-circle'></i></button> </a></div>", "balloonContentFooter": "<font size=1№>91 ", "clusterCaption": "<strong>Rēzeknes 4. vidusskola</strong>", "hintContent": "<strong>Rēzeknes 4. vidusskola</strong> "}},
        {"type": "Feature", "id": 92, "geometry": {"type": "Point", "coordinates": [56.49496,27.32419]}, "properties": {"balloonContentHeader": "<font size=3><b>Rēzeknes internātpamatskola-attīstības centrs</b></font>", "balloonContentBody": "<p><strong>Mācību valoda:</strong> LK</p><p><strong>Skolēnu skaits:</strong> 164</p><p><strong>Direktors:</strong> RITA ZOMMERE</p><hr><p><strong>Adrese:</strong> F. VARSLAVĀNA IELA 5, RĒZEKNE, LV-4601</p><hr><div class='text-center'><a href='schools/92.html'><button type='button' class='btn btn-success'> Uzzināt vairāk <i class='fas fa-info-circle'></i></button> </a></div>", "balloonContentFooter": "<font size=1№>92 ", "clusterCaption": "<strong>Rēzeknes internātpamatskola-attīstības centrs</strong>", "hintContent": "<strong>Rēzeknes internātpamatskola-attīstības centrs</strong> "}}        
    ]
}
