{
    "type": "FeatureCollection",
    "features": [
        {"type": "Feature", "id": 6, "geometry": {"type": "Point", "coordinates": [57.527878,25.4279986]}, "properties": {"balloonContentHeader": "<font size=3><b>Valmieras Pārgaujas sākumskola</b></font>", "balloonContentBody": "<p><strong>Mācību valoda:</strong> Latviešu</p><p><strong>Skolēnu skaits:</strong> 616</p><p><strong>Direktors:</strong> VIKTORS LITAUNIEKS</p><hr><p><strong>Adrese:</strong> LĀČPLĒŠA IELA 2, VALMIERA, LV-4201</p><hr><div class='text-center'><a href='schools/6.html'><button type='button' class='btn btn-success'> Uzzināt vairāk <i class='fas fa-info-circle'></i></button> </a></div>", "balloonContentFooter": "<font size=№1>6 ", "clusterCaption": "<strong>Valmieras Pārgaujas sākumskola</strong>", "hintContent": "<strong>Valmieras Pārgaujas sākumskola</strong> "}},
        {"type": "Feature", "id": 7, "geometry": {"type": "Point", "coordinates": [57.5315691,25.4079616]}, "properties": {"balloonContentHeader": "<font size=3><b>Valmieras sākumskola</b></font>", "balloonContentBody": "<p><strong>Mācību valoda:</strong> Latviešu</p><p><strong>Skolēnu skaits:</strong> 534</p><p><strong>Direktors:</strong> INGA ZARIŅA-BOJĀRE</p><hr><p><strong>Adrese:</strong> LĀČPLĒŠA IELA 2, VALMIERA, LV-4201</p><hr><div class='text-center'><a href='schools/7.html'><button type='button' class='btn btn-success'> Uzzināt vairāk <i class='fas fa-info-circle'></i></button> </a></div>", "balloonContentFooter": "<font size=№1>7 ", "clusterCaption": "<strong>Valmieras sākumskola</strong>", "hintContent": "<strong>Valmieras sākumskola</strong> "}},
        {"type": "Feature", "id": 8, "geometry": {"type": "Point", "coordinates": [57.5247431,25.4410653]}, "properties": {"balloonContentHeader": "<font size=3><b>Pamatskola 'Universum'</b></font>", "balloonContentBody": "<p><strong>Mācību valoda:</strong> LK</p><p><strong>Skolēnu skaits:</strong> 90</p><p><strong>Direktors:</strong> ANDISAPSĪTIS</p><hr><p><strong>Adrese:</strong> MARIJAS IELA 14, VALMIERA, LV-4201</p><hr><div class='text-center'><a href='schools/8.html'><button type='button' class='btn btn-success'> Uzzināt vairāk <i class='fas fa-info-circle'></i></button> </a></div>", "balloonContentFooter": "<font size=№1>8 ", "clusterCaption": "<strong>Pamatskola 'Universum'</strong>", "hintContent": "<strong>Pamatskola 'Universum'</strong> "}},
        {"type": "Feature", "id": 9, "geometry": {"type": "Point", "coordinates": [57.5326607,25.4086094]}, "properties": {"balloonContentHeader": "<font size=3><b>Valmieras Valsts ģimnāzija</b></font>", "balloonContentBody": "<p><strong>Mācību valoda:</strong> Latviešu</p><p><strong>Skolēnu skaits:</strong> 413</p><p><strong>Direktors:</strong> ARTŪRS SKRASTIŅŠ</p><hr><p><strong>Adrese:</strong> LĀČPLĒŠA IELA 2, VALMIERA, LV-4201</p><hr><div class='text-center'><a href='schools/9.html'><button type='button' class='btn btn-success'> Uzzināt vairāk <i class='fas fa-info-circle'></i></button> </a></div>", "balloonContentFooter": "<font size=№1>9 ", "clusterCaption": "<strong>Valmieras Valsts ģimnāzija</strong>", "hintContent": "<strong>Valmieras Valsts ģimnāzija</strong> "}},
        {"type": "Feature", "id": 10, "geometry": {"type": "Point", "coordinates": [57.5458748,25.4227942]}, "properties": {"balloonContentHeader": "<font size=3><b>Valmieras 2. vidusskola</b></font>", "balloonContentBody": "<p><strong>Mācību valoda:</strong> LK</p><p><strong>Skolēnu skaits:</strong> 489</p><p><strong>Direktors:</strong> ANDREJS GLUHOVS</p><hr><p><strong>Adrese:</strong> LĀČPLĒŠA IELA 2, VALMIERA, LV-4201</p><hr><div class='text-center'><a href='schools/10.html'><button type='button' class='btn btn-success'> Uzzināt vairāk <i class='fas fa-info-circle'></i></button> </a></div>", "balloonContentFooter": "<font size=1№>10 ", "clusterCaption": "<strong>Valmieras 2. vidusskola</strong>", "hintContent": "<strong>Valmieras 2. vidusskola</strong> "}},
        {"type": "Feature", "id": 11, "geometry": {"type": "Point", "coordinates": [57.5503236,25.4332987]}, "properties": {"balloonContentHeader": "<font size=3><b>Valmieras Viestura vidusskola</b></font>", "balloonContentBody": "<p><strong>Mācību valoda:</strong> Latviešu</p><p><strong>Skolēnu skaits:</strong> 816</p><p><strong>Direktors:</strong> ULDIS JANSONS</p><hr><p><strong>Adrese:</strong> LĀČPLĒŠA IELA 2, VALMIERA, LV-4201</p><hr><div class='text-center'><a href='schools/11.html'><button type='button' class='btn btn-success'> Uzzināt vairāk <i class='fas fa-info-circle'></i></button> </a></div>", "balloonContentFooter": "<font size=1№>11 ", "clusterCaption": "<strong>Valmieras Viestura vidusskola</strong>", "hintContent": "<strong>Valmieras Viestura vidusskola</strong> "}},
        {"type": "Feature", "id": 12, "geometry": {"type": "Point", "coordinates": [57.5295327,25.4264445]}, "properties": {"balloonContentHeader": "<font size=3><b>Valmieras Pārgaujas ģimnāzija</b></font>", "balloonContentBody": "<p><strong>Mācību valoda:</strong> Latviešu</p><p><strong>Skolēnu skaits:</strong> 560</p><p><strong>Direktors:</strong> AGITA ZARIŅA</p><hr><p><strong>Adrese:</strong> LĀČPLĒŠA IELA 2, VALMIERA, LV-4201</p><hr><div class='text-center'><a href='schools/12.html'><button type='button' class='btn btn-success'> Uzzināt vairāk <i class='fas fa-info-circle'></i></button> </a></div>", "balloonContentFooter": "<font size=1№>12 ", "clusterCaption": "<strong>Valmieras Pārgaujas ģimnāzija</strong>", "hintContent": "<strong>Valmieras Pārgaujas ģimnāzija</strong> "}},
        {"type": "Feature", "id": 13, "geometry": {"type": "Point", "coordinates": [57.5409448,25.4239596]}, "properties": {"balloonContentHeader": "<font size=3><b>Valmieras 5. vidusskola</b></font>", "balloonContentBody": "<p><strong>Mācību valoda:</strong> Latviešu</p><p><strong>Skolēnu skaits:</strong> 429</p><p><strong>Direktors:</strong> RUDĪTE MARKUS</p><hr><p><strong>Adrese:</strong> RAIŅA IELA 3, VALMIERA, LV-4201</p><hr><div class='text-center'><a href='schools/13.html'><button type='button' class='btn btn-success'> Uzzināt vairāk <i class='fas fa-info-circle'></i></button> </a></div>", "balloonContentFooter": "<font size=1№>13 ", "clusterCaption": "<strong>Valmieras 5. vidusskola</strong>", "hintContent": "<strong>Valmieras 5. vidusskola</strong> "}},
        {"type": "Feature", "id": 14, "geometry": {"type": "Point", "coordinates": [57.534857, 25.415208]}, "properties": {"balloonContentHeader": "<font size=3><b>Valmieras vājdzirdīgo bērnu internātvidusskola - attīstības centrs</b></font>", "balloonContentBody": "<p><strong>Mācību valoda:</strong> Latviešu</p><p><strong>Skolēnu skaits:</strong> 155</p><p><strong>Direktors:</strong> </p><hr><p><strong>Adrese:</strong> LĀČPLĒŠA IELA 2, VALMIERA, LV-4201</p><hr><div class='text-center'><a href='schools/14.html'><button type='button' class='btn btn-success'> Uzzināt vairāk <i class='fas fa-info-circle'></i></button> </a></div>", "balloonContentFooter": "<font size=1№>14 ", "clusterCaption": "<strong>Valmieras vājdzirdīgo bērnu internātvidusskola - attīstības centrs</strong>", "hintContent": "<strong>Valmieras vājdzirdīgo bērnu internātvidusskola - attīstības centrs</strong> "}}
        
    ]
}
