{
    "type": "FeatureCollection",
    "features": [
        {"type": "Feature", "id": 93, "geometry": {"type": "Point", "coordinates": [57.38806,21.55836]}, "properties": {"balloonContentHeader": "<font size=3><b>Ventspils Centra sākumskola</b></font>", "balloonContentBody": "<p><strong>Mācību valoda:</strong> Latviešu</p><p><strong>Skolēnu skaits:</strong> 330</p><p><strong>Direktors:</strong> ILZE BUTKUS</p><hr><p><strong>Adrese:</strong> SAULES IELA 37, VENTSPILS, LV-3601</p><hr><div class='text-center'><a href='schools/93.html'><button type='button' class='btn btn-success'> Uzzināt vairāk <i class='fas fa-info-circle'></i></button> </a></div>", "balloonContentFooter": "<font size=1№>93 ", "clusterCaption": "<strong>Ventspils Centra sākumskola</strong>", "hintContent": "<strong>Ventspils Centra sākumskola</strong> "}},
        {"type": "Feature", "id": 94, "geometry": {"type": "Point", "coordinates": [57.38268,21.56502]}, "properties": {"balloonContentHeader": "<font size=3><b>Ventspils 1. pamatskola</b></font>", "balloonContentBody": "<p><strong>Mācību valoda:</strong> Latviešu</p><p><strong>Skolēnu skaits:</strong> 381</p><p><strong>Direktors:</strong> SANDRA ŠULCE</p><hr><p><strong>Adrese:</strong> PĻAVAS IELA 27, VENTSPILS, LV-3601</p><hr><div class='text-center'><a href='schools/94.html'><button type='button' class='btn btn-success'> Uzzināt vairāk <i class='fas fa-info-circle'></i></button> </a></div>", "balloonContentFooter": "<font size=1№>94 ", "clusterCaption": "<strong>Ventspils 1. pamatskola</strong>", "hintContent": "<strong>Ventspils 1. pamatskola</strong> "}},
        {"type": "Feature", "id": 95, "geometry": {"type": "Point", "coordinates": [57.3877,21.55007]}, "properties": {"balloonContentHeader": "<font size=3><b>Ventspils 2. pamatskola</b></font>", "balloonContentBody": "<p><strong>Mācību valoda:</strong> LK</p><p><strong>Skolēnu skaits:</strong> 341</p><p><strong>Direktors:</strong> SINTIJA BIRZIŅA</p><hr><p><strong>Adrese:</strong> BĒRZU IELA 54, VENTSPILS, LV-3600</p><hr><div class='text-center'><a href='schools/95.html'><button type='button' class='btn btn-success'> Uzzināt vairāk <i class='fas fa-info-circle'></i></button> </a></div>", "balloonContentFooter": "<font size=1№>95 ", "clusterCaption": "<strong>Ventspils 2. pamatskola</strong>", "hintContent": "<strong>Ventspils 2. pamatskola</strong> "}},
        {"type": "Feature", "id": 96, "geometry": {"type": "Point", "coordinates": [57.4009,21.6048]}, "properties": {"balloonContentHeader": "<font size=3><b>Ventspils Pārventas pamatskola</b></font>", "balloonContentBody": "<p><strong>Mācību valoda:</strong> Latviešu</p><p><strong>Skolēnu skaits:</strong> 302</p><p><strong>Direktors:</strong> VĒSMA LAURECKA</p><hr><p><strong>Adrese:</strong> TĀRGALES IELA 61, VENTSPILS, LV-3602</p><hr><div class='text-center'><a href='schools/96.html'><button type='button' class='btn btn-success'> Uzzināt vairāk <i class='fas fa-info-circle'></i></button> </a></div>", "balloonContentFooter": "<font size=1№>96 ", "clusterCaption": "<strong>Ventspils Pārventas pamatskola</strong>", "hintContent": "<strong>Ventspils Pārventas pamatskola</strong> "}},
        {"type": "Feature", "id": 97, "geometry": {"type": "Point", "coordinates": [57.38786,21.56609]}, "properties": {"balloonContentHeader": "<font size=3><b>Ventspils 2. vidusskola</b></font>", "balloonContentBody": "<p><strong>Mācību valoda:</strong> Krievu</p><p><strong>Skolēnu skaits:</strong> 546</p><p><strong>Direktors:</strong> LUDMILA VOLODINA</p><hr><p><strong>Adrese:</strong> KULDĪGAS IELA 65, VENTSPILS, LV-3601</p><hr><div class='text-center'><a href='schools/97.html'><button type='button' class='btn btn-success'> Uzzināt vairāk <i class='fas fa-info-circle'></i></button> </a></div>", "balloonContentFooter": "<font size=1№>97 ", "clusterCaption": "<strong>Ventspils 2. vidusskola</strong>", "hintContent": "<strong>Ventspils 2. vidusskola</strong> "}},
        {"type": "Feature", "id": 98, "geometry": {"type": "Point", "coordinates": [57.40448,21.5925]}, "properties": {"balloonContentHeader": "<font size=3><b>Ventspils 3. vidusskola</b></font>", "balloonContentBody": "<p><strong>Mācību valoda:</strong> Krievu</p><p><strong>Skolēnu skaits:</strong> 380</p><p><strong>Direktors:</strong> VERA ŠENGELIJA</p><hr><p><strong>Adrese:</strong> TĀRGALES IELA 5, VENTSPILS, LV-3602</p><hr><div class='text-center'><a href='schools/98.html'><button type='button' class='btn btn-success'> Uzzināt vairāk <i class='fas fa-info-circle'></i></button> </a></div>", "balloonContentFooter": "<font size=1№>98 ", "clusterCaption": "<strong>Ventspils 3. vidusskola</strong>", "hintContent": "<strong>Ventspils 3. vidusskola</strong> "}},
        {"type": "Feature", "id": 99, "geometry": {"type": "Point", "coordinates": [57.39413,21.55684]}, "properties": {"balloonContentHeader": "<font size=3><b>Ventspils 4. vidusskola</b></font>", "balloonContentBody": "<p><strong>Mācību valoda:</strong> Latviešu</p><p><strong>Skolēnu skaits:</strong> 706</p><p><strong>Direktors:</strong> DAGNIJA GROMOVA</p><hr><p><strong>Adrese:</strong> RĪGAS IELA 12A, VENTSPILS, LV-3601</p><hr><div class='text-center'><a href='schools/99.html'><button type='button' class='btn btn-success'> Uzzināt vairāk <i class='fas fa-info-circle'></i></button> </a></div>", "balloonContentFooter": "<font size=1№>99 ", "clusterCaption": "<strong>Ventspils 4. vidusskola</strong>", "hintContent": "<strong>Ventspils 4. vidusskola</strong> "}},
        {"type": "Feature", "id": 100, "geometry": {"type": "Point", "coordinates": [57.39324,21.57171]}, "properties": {"balloonContentHeader": "<font size=3><b>Ventspils 6. vidusskola</b></font>", "balloonContentBody": "<p><strong>Mācību valoda:</strong> LK</p><p><strong>Skolēnu skaits:</strong> 676</p><p><strong>Direktors:</strong> VALENTĪNA JANKOVSKA</p><hr><p><strong>Adrese:</strong> SARKANMUIŽAS DAMBIS 1, VENTSPILS, LV-3601</p><hr><div class='text-center'><a href='schools/100.html'><button type='button' class='btn btn-success'> Uzzināt vairāk <i class='fas fa-info-circle'></i></button> </a></div>", "balloonContentFooter": "<font size=1>№100 ", "clusterCaption": "<strong>Ventspils 6. vidusskola</strong>", "hintContent": "<strong>Ventspils 6. vidusskola</strong> "}},
        {"type": "Feature", "id": 101, "geometry": {"type": "Point", "coordinates": [57.39511,21.57188]}, "properties": {"balloonContentHeader": "<font size=3><b>Ventspils Valsts 1. ģimnāzija</b></font>", "balloonContentBody": "<p><strong>Mācību valoda:</strong> Latviešu</p><p><strong>Skolēnu skaits:</strong> 425</p><p><strong>Direktors:</strong> PĀRSLA KOPMANE</p><hr><p><strong>Adrese:</strong> KULDĪGAS IELA 1, VENTSPILS, LV-3601</p><hr><div class='text-center'><a href='schools/101.html'><button type='button' class='btn btn-success'> Uzzināt vairāk <i class='fas fa-info-circle'></i></button> </a></div>", "balloonContentFooter": "<font size=1>№101 ", "clusterCaption": "<strong>Ventspils Valsts 1. ģimnāzija</strong>", "hintContent": "<strong>Ventspils Valsts 1. ģimnāzija</strong> "}}    ]
}
